channel,coverage,decoder,verified_success,trials,false_success,groups_recovered_fraction_mean
"indel 0.5%+0.5% + sub 1%, informative 0.5",1,V4,0,2,0,0.0
"indel 0.5%+0.5% + sub 1%, informative 0.5",1,V5-hard,0,2,0,0.1071
"indel 0.5%+0.5% + sub 1%, informative 0.5",1,V5-soft-auto,0,2,0,0.1429
"indel 0.5%+0.5% + sub 1%, informative 0.5",2,V4,0,2,0,0.0714
"indel 0.5%+0.5% + sub 1%, informative 0.5",2,V5-hard,2,2,0,1.0
"indel 0.5%+0.5% + sub 1%, informative 0.5",2,V5-soft-auto,2,2,0,1.0
"indel 0.5%+0.5% + sub 1%, informative 0.5",3,V4,0,2,0,0.7143
"indel 0.5%+0.5% + sub 1%, informative 0.5",3,V5-hard,2,2,0,1.0
"indel 0.5%+0.5% + sub 1%, informative 0.5",3,V5-soft-auto,2,2,0,1.0
"indel 0.5%+0.5% + sub 1%, informative 0.5",5,V4,2,2,0,1.0
"indel 0.5%+0.5% + sub 1%, informative 0.5",5,V5-hard,2,2,0,1.0
"indel 0.5%+0.5% + sub 1%, informative 0.5",5,V5-soft-auto,2,2,0,1.0
"indel 0.5%+0.5% + sub 1%, informative 0.5",10,V4,2,2,0,1.0
"indel 0.5%+0.5% + sub 1%, informative 0.5",10,V5-hard,2,2,0,1.0
"indel 0.5%+0.5% + sub 1%, informative 0.5",10,V5-soft-auto,2,2,0,1.0
"indel 0.25%+0.25% + sub 4%, informative 0.5",1,V4,0,2,0,
"indel 0.25%+0.25% + sub 4%, informative 0.5",1,V5-hard,0,2,0,
"indel 0.25%+0.25% + sub 4%, informative 0.5",1,V5-soft-auto,0,2,0,0.0
"indel 0.25%+0.25% + sub 4%, informative 0.5",2,V4,0,2,0,
"indel 0.25%+0.25% + sub 4%, informative 0.5",2,V5-hard,0,2,0,0.0
"indel 0.25%+0.25% + sub 4%, informative 0.5",2,V5-soft-auto,0,2,0,0.0714
"indel 0.25%+0.25% + sub 4%, informative 0.5",3,V4,0,2,0,
"indel 0.25%+0.25% + sub 4%, informative 0.5",3,V5-hard,0,2,0,0.0
"indel 0.25%+0.25% + sub 4%, informative 0.5",3,V5-soft-auto,0,2,0,0.0714
"indel 0.25%+0.25% + sub 4%, informative 0.5",5,V4,0,2,0,0.0
"indel 0.25%+0.25% + sub 4%, informative 0.5",5,V5-hard,0,2,0,0.0714
"indel 0.25%+0.25% + sub 4%, informative 0.5",5,V5-soft-auto,2,2,0,1.0
"indel 0.25%+0.25% + sub 4%, informative 0.5",10,V4,0,2,0,0.6786
"indel 0.25%+0.25% + sub 4%, informative 0.5",10,V5-hard,1,2,0,0.9643
"indel 0.25%+0.25% + sub 4%, informative 0.5",10,V5-soft-auto,2,2,0,1.0
