channel,qualities,V4,V4+minQ,V4+minQ20,V5-hard,V5-hard+minQ20,V5-soft-erasure,V5-soft-chase,V5-soft-auto,V5-soft-auto+minQ20
indel 0.1% (ins 0.05% + del 0.05%) + sub 0.1%,informative 0.0,4089,4089,4089,4095,4095,4095,4095,4095,4095
indel 0.1% (ins 0.05% + del 0.05%) + sub 0.1%,informative 0.5,4089,4089,4089,4095,4095,4095,4095,4095,4095
indel 0.1% (ins 0.05% + del 0.05%) + sub 0.1%,informative 1.0,4089,4089,4089,4095,4095,4095,4095,4095,4095
indel 0.1% (ins 0.05% + del 0.05%) + sub 0.1%,graded Q,4089,4089,4089,4095,4095,4095,4095,4095,4095
indel 0.2% (ins 0.1% + del 0.1%) + sub 0.2%,informative 0.0,3991,3991,3991,4074,4074,4078,4074,4078,4078
indel 0.2% (ins 0.1% + del 0.1%) + sub 0.2%,informative 0.5,3991,3998,3998,4074,4076,4079,4075,4079,4079
indel 0.2% (ins 0.1% + del 0.1%) + sub 0.2%,informative 1.0,3991,4006,4006,4074,4076,4080,4075,4080,4080
indel 0.2% (ins 0.1% + del 0.1%) + sub 0.2%,graded Q,3991,3995,4001,4074,4075,4076,4074,4076,4077
indel 0.5% (ins 0.25% + del 0.25%) + sub 0.5%,informative 0.0,3215,3215,3215,3860,3860,3872,3872,3877,3877
indel 0.5% (ins 0.25% + del 0.25%) + sub 0.5%,informative 0.5,3215,3279,3279,3868,3896,3890,3886,3897,3915
indel 0.5% (ins 0.25% + del 0.25%) + sub 0.5%,informative 1.0,3215,3379,3379,3870,3929,3908,3896,3912,3946
indel 0.5% (ins 0.25% + del 0.25%) + sub 0.5%,graded Q,3215,3281,3336,3867,3911,3898,3889,3900,3926
indel 1% (ins 0.5% + del 0.5%) + sub 1%,informative 0.0,1499,1499,1499,2743,2743,2801,2788,2808,2808
indel 1% (ins 0.5% + del 0.5%) + sub 1%,informative 0.5,1499,1638,1638,2761,2897,2871,2857,2881,2984
indel 1% (ins 0.5% + del 0.5%) + sub 1%,informative 1.0,1499,1842,1842,2778,3055,2967,2920,2977,3156
indel 1% (ins 0.5% + del 0.5%) + sub 1%,graded Q,1499,1616,1749,2772,2976,2906,2870,2916,3065
