capability,competitor,repository,implementation,evidence,vnx_current_state,vnx_version,vnx_differentiator_feature_presence,competitor_advantage,gap,priority,difficulty,potential_moat,action,classification
encoding/constraints,DNA-Aeon (MW55),https://github.com/MW55/DNA-Aeon,"Arithmetic coding over a constraint-adhering codebook (ConstrainedKaos), user-defined GC window and homopolymer limit, undesired-motif FASTA, CRC sync markers, stack decoder, Raptor outer code. MIT; submodule NOREC4DNA is AGPL-3.0","author-reported in silico/in vitro per paper abstract (Nat Commun 2023, https://doi.org/10.1038/s41467-023-36297-3); code read by this audit, not run (https://github.com/MW55/DNA-Aeon)","2 bits/nt mapping; GC 40-60 % global (optional window), homopolymer <=4 default, tandem repeats, forbidden motifs and reverse complements; constraints met by screening up to 256 SHAKE-128 scrambler variants, not by constrained coding (src/vnxdna/v4/constraints.py, docs/LIMITATIONS.md). SIMULATED (no wet-lab or real-sequencing data exists)",V4 (4.0.0),Constraint rule set includes tandem repeats and forbidden motifs with reverse complement; screening needs no codebook,Constraints hold by construction (no screening failures); handles constraints and indels in one decoder,VNX has no constrained coding; strict homopolymer <=3 over ~300 nt can make encoding fail (docs/LIMITATIONS.md); no same-protocol comparison exists,P2,high,medium,Implement a constrained mapper (enumerative or arithmetic) as an opt-in profile; compare on dt4dds-benchmark at matched code rate,YELLOW
constrained coding rate,microsoft/DNABoundedHomopolymerEncoding,https://github.com/microsoft/DNABoundedHomopolymerEncoding,"Enumerative rank/unrank codec from n-bit strings to quaternary strings with max homopolymer run k=1..5; README rates at N=96 of 1.583, 1.917, 1.979, 1.990, 1.990 bits/base; MIT, GMP dependency, no error correction","measured by this audit: bhe_rates 110 gave 1.5818/1.9182/1.9818/1.9909/1.9909 bits/base; encode ~42 and decode ~74 Mbit/s (k=3, N=150, 2000 trials, one thread). README claims ~50/~80 Mbps (cluster1 report 10-repos-cluster1.md section 1c)","No rate-versus-capacity figure for the constraint layer; scrambler screening keeps 2 bits/nt before ECC overhead (src/vnxdna/v4/constraints.py). Whole-pipeline density about 9.85 nt per input byte at v4-balanced (docs/V4_RESULTS.md) includes ECC, so it is not comparable. SIMULATED (no wet-lab or real-sequencing data exists)",V4 (4.0.0),Constraint layer is integrated with ECC and indel markers in one archive pipeline,"Exact bounded-homopolymer code at published rates close to the stated asymptotic limits (1.5850, 1.9227, 1.9823, 1.9957, 1.9989 per slides in repo)",VNX cannot state its constraint-layer rate against a capacity bound at N=100-200,P3,medium,low,Measure the effective rate of the scrambler screening at N=100-200 against the BHE table; optionally add an enumerative homopolymer mode,YELLOW
encoding/constraints,BGI Yin-Yang codec (YYC),https://github.com/BGI-SynBio/YinYangCode,"Two binary segments combined through rule tables (1,536 rule combinations) so each nt carries 2 bits; checks homopolymer <=4, GC 40-60 %, optional minimum free energy via an external call; RS outer code in the paper. MIT; pure Python, no tests","author-reported wet-lab (Nat Comput Sci 2022, https://doi.org/10.1038/s43588-022-00231-2; PMC page summary via a summariser, verify against the PDF): 1.95 bit/nt coding potential, 1.75-1.78 observed; 10,103 oligos x 200 nt in vitro",2 bits/nt mapping with screening (src/vnxdna/v4/constraints.py); no minimum-free-energy or secondary-structure check (docs/LIMITATIONS.md l.50). SIMULATED (no wet-lab or real-sequencing data exists),V4 (4.0.0),"Full archive stack (frames, ECC, indel markers, container) around the mapper",Wet-lab-validated constrained mapper; optional folding check,No secondary-structure check; no physical validation; no benchmark against YYC,P3,medium,low,Add YYC as a mapping-level baseline in the benchmark harness (MIT licence) before any density claim,YELLOW
homopolymer/GC,Storage-D / Wukong (DNAstorage-iSynBio),https://github.com/DNAstorage-iSynBio/Storage-D,"Wukong codec, regional GC check in 150-nt windows, homopolymer limit 3-5, RS + XOR redundancy, Primer3/BLAST flanking primers; MIT, 9 commits","author-reported wet-lab (iMeta 2024, https://pmc.ncbi.nlm.nih.gov/articles/PMC11170965/): 1,909-3,319 x 200-nt strands, Twist, MiSeq, 100 % recovery at >=30x and >99 % at ~10x (via page summary; cross-check before quoting)","Global GC 40-60 % default with optional window, homopolymer <=4 default (src/vnxdna/v4/constraints.py). SIMULATED (no wet-lab or real-sequencing data exists)",V4 (4.0.0),Constraint set is applied inside a CRC/RS-protected frame with sync markers,Regional GC check in fixed windows reported with wet-lab recovery data,Windowed GC is optional in VNX and untested against a competitor; no wet-lab data,P3,low,low,Run both constraint sets on the same random payload and report GC-window and run-length violations (SIMULATED),YELLOW
homopolymer/GC,HEDGES (whpress/hedges),https://github.com/whpress/hedges,Hash-based nucleotide code; constraints demonstrated: max run 4 and 4<=GC<=8 per 12-nt window; MIT but bundles Schifra RS with its own terms (non-commercial/open-source),"author-reported wet-lab (PNAS 2020, https://pmc.ncbi.nlm.nih.gov/articles/PMC7414044): 5,865 Twist 300-nt oligos, MiSeq ~50x",Optional GC window and homopolymer cap enforced by screening (src/vnxdna/v4/constraints.py). SIMULATED (no wet-lab or real-sequencing data exists),V4 (4.0.0),Constraint check does not alter the inner code,Constraints enforced inside the code that also corrects indels,No head-to-head at matched rate; no wet-lab,P3,medium,medium,Include whpress/hedges as an external process in the harness (licence: non-commercial benchmarking only),YELLOW
secondary structure / Tm,SSL-ACTX/helix,https://github.com/SSL-ACTX/helix,"Rust stack: rotating base-3 trellis (<=1.58 bits/nt), GC 40-60 % with Tm check and salt-and-retry, no repeats, primer-collision scan; AGPL-3.0, 3 stars","README claims, simulation only; the README states it is not physically validated (https://github.com/SSL-ACTX/helix); code read by this audit, not run","ABSENT: no secondary-structure, Tm or hairpin check (docs/LIMITATIONS.md l.50). SIMULATED (no wet-lab or real-sequencing data exists)",V4 (4.0.0),None identified,Tm and collision checks in the encode path (claim not verified),"No Tm, hairpin or cross-dimer screening",P2,medium,low,"Add a pre-flight check module (Tm, hairpin, dimer) to order export; thresholds are tunable defaults",RED
primers / adapters,SSL-ACTX/helix,https://github.com/SSL-ACTX/helix,[Fwd][Address][Payload][Rev] layout with fuzzy primer match (Hamming<=3) and primer-collision scan,"README claims, simulation only; code read by this audit, not run",ABSENT: no 'primer' in src/; docs/LIMITATIONS.md: 'VNX-DNA assigns no PCR primers'. SIMULATED (no wet-lab or real-sequencing data exists),V4 (4.0.0),None,Primer-aware strand layout and read-side primer matching,"A 313-nt strand plus two 20-nt primers is 353 nt, over the 350-nt maximum of Twist and IDT pools (vendor specs cited in 40-datasets.md; URLs not recorded, not verified)",P0,medium,medium,Add an opt-in profile with payload plus 2x20-nt primers <=300 nt and a primer module with order export (plan in docs/DNA_STORAGE_DATASET_REGISTRY.md),RED
primers / adapters,Storage-D / Wukong,https://github.com/DNAstorage-iSynBio/Storage-D,Primer3/BLAST-designed flanking primers,"author-reported wet-lab (iMeta 2024, https://pmc.ncbi.nlm.nih.gov/articles/PMC11170965/)",ABSENT (src/ has no primer code). SIMULATED (no wet-lab or real-sequencing data exists),V4 (4.0.0),None,Primer design integrated with wet-lab runs,Cannot generate a vendor-ready oligo file with primers,P0,medium,medium,Same as primer module action; reuse the pre-flight checks listed in the dataset registry plan,RED
synthesis-order export,ETH codec benchmark designs (D01),https://github.com/fml-ethz/dt4dds-benchmark_notebooks,"Per-codec encoded strand files and design_files.fasta (11,293 x 129 nt) used for synthesis in the benchmark pool",author-reported wet-lab (https://doi.org/10.1038/s41467-026-70548-3); design file downloaded and counted by this audit (40-datasets.md D01),"PARTIAL: FASTA strand files; a physical-record schema for synthesis records (experiments/v6/physical/schema/synthesis.schema.json); no vendor adapter, no order CSV, no pre-flight checks. SIMULATED (no wet-lab or real-sequencing data exists)",V6 build/v6-p1 081697b (unreleased; package version still 5.0.0),Physical-record schemas and validator exist (experiments/v6/physical/),Designs actually ordered and sequenced under a published protocol,"No vendor order file, no length/alphabet/duplicate pre-flight",P0,low,low,"Implement `vnx order-export` with pre-flight checks (length <= vendor max, alphabet, duplicates, GC and homopolymer summary, SHA-256 into synthesis.ordered_fasta)",YELLOW
constrained coding (proprietary),Atlas Data Storage codecs patent application,https://patents.google.com/patent/CA3249936A1/en,Patent application 'Codecs for DNA data storage' (priority 2022-04-21); product codec not public,Patent record only; technical detail not examined by this audit,2 bits/nt mapping with screening. SIMULATED (no wet-lab or real-sequencing data exists),V4 (4.0.0),Not comparable,Not public,Cannot be compared; freedom-to-operate not assessed,P1,low,none,Refer to IP counsel (see FTO row); do not claim novelty for codec constraints before review,BLACK
compression,DNA-Aeon (MW55),https://github.com/MW55/DNA-Aeon,No compression stage (arithmetic coding is of the constrained alphabet); zip input for multi-thread mode,"Repository fields read by this audit; code read by this audit, not run (https://github.com/MW55/DNA-Aeon)","zstd per chunk, kept only if smaller, applied before AEAD (docs/VNX4_FORMAT.md sections 5 and 7). SIMULATED (no wet-lab or real-sequencing data exists)",V4 (4.0.0),Compression is part of the archive format,None for this capability,Basis for GREEN: the competitor has no compression stage. This does not imply any coding-rate advantage; no same-protocol benchmark exists,P4,low,none,None; keep as is,GREEN
compression,SSL-ACTX/helix,https://github.com/SSL-ACTX/helix,Zstd level 3 on 4 MB independent blocks; no dedup,"README claims, simulation only; code read by this audit, not run","zstd per fixed-size chunk, content-addressed chunk IDs (docs/VNX4_FORMAT.md). SIMULATED (no wet-lab or real-sequencing data exists)",V4 (4.0.0),Content-addressed chunks with dedup,"Block-parallel compression (Rayon, claim not verified)",No benchmark; compression ratio on shared corpus not measured,P4,low,none,Use UNACORM's 9-file corpus for a ratio table if compression is ever reported,YELLOW
compression + encoding (proprietary),Mimulus Corp (with GenScript),https://www.blocksandfiles.com/file/2026/06/09/mimulus-molecular-dna-storage-project/5252656,Proprietary 'Mimulus Code' compression and encoding; no metrics published,Company statement; no metrics (30-companies.md),zstd + 2 bits/nt mapping. SIMULATED (no wet-lab or real-sequencing data exists),V4 (4.0.0),Not comparable,Unknown,Capability and performance unknown,P5,low,none,Monitor; no action,BLACK
dedup / content addressing,DNA-Aeon (MW55),https://github.com/MW55/DNA-Aeon,"No dedup, no content addressing","Repository fields read by this audit; code read by this audit, not run","Fixed-size chunking, chunk ID = SHA-256('VNX4 chunk\0'||plaintext) or HMAC when encrypted; `dedup-content-address` feature (docs/VNX4_FORMAT.md). SIMULATED (no wet-lab or real-sequencing data exists)",V4 (4.0.0),Dedup and content addressing present,None for this capability,Basis for GREEN: the competitor has neither. Dedup gain depends on workload and was not benchmarked against anyone,P4,low,low,None,GREEN
archive format / metadata,DNA-Aeon (MW55),https://github.com/MW55/DNA-Aeon,Output is a FASTA of oligos; metadata in config.json; no archive manifest,"Repository fields read by this audit; code read by this audit, not run","Normative container spec: body, chunk table, file table, canonical-JSON manifest, trailer; 96-byte superblock stored 4x; directories and deterministic order (docs/VNX4_FORMAT.md; tests/compat golden archives). SIMULATED (no wet-lab or real-sequencing data exists)",V4 (4.0.0),Self-describing container with compatibility tests for V4/V5 archives,None for this capability,Basis for GREEN: the competitor has no archive format beyond a strand FASTA,P4,low,none,None,GREEN
archive format / format registry,dna-storage/reframed,https://github.com/dna-storage/reframed,"Component-tagged pipeline, per-component header (de)serialisation, DNA-encoded file header, stable format-ID registry; 45 commits, ~135 pytest tests; custom BSD-2-style licence",Code and README read by this audit; tests not run (10-repos-cluster1.md section 2),Single container format family with versioned superblock (docs/VNX4_FORMAT.md section 12). SIMULATED (no wet-lab or real-sequencing data exists),V4 (4.0.0),"Normative spec, golden-archive compatibility tests",Stable format-ID registry and per-component headers,No component registry; no comparison of metadata overhead,P3,medium,low,Adopt the ideas (format IDs per component) in a future format revision; do not copy code,YELLOW
versioning / snapshots / append,Mr-PU/dnastore,https://github.com/Mr-PU/dnastore,"store/retrieve/update/delete API with append-only versioning and tombstones over a simulated pool; Apache-2.0, 1 star, ~2.3k lines Python","Code read by this audit; simulation only, no wet-lab (10-repos-cluster1.md section 4)","ABSENT: no versioning, snapshot or incremental append in the V4/V6 format docs. SIMULATED (no wet-lab or real-sequencing data exists)",V4 (4.0.0),None,Append-only versioning exposed in the API,No update/delete semantics for archives,P3,medium,medium,Design an append-only archive revision (new superblock epoch) after the format is stable,RED
versioning / snapshots / append,BGI-SynBio/YYC-FileVersionControl,https://github.com/BGI-SynBio/YYC-FileVersionControl,"BGI file versioning on YYC; not audited, no licence declared",Metadata only (20-repos-cluster2.md section 2.1),ABSENT. SIMULATED (no wet-lab or real-sequencing data exists),V4 (4.0.0),Not comparable,Unknown,Purpose and quality unverified,P5,low,none,Read the repository before any claim,BLACK
addressing / indexing,dna-storage/dnastorage,https://github.com/dna-storage/dnastorage,"RS outer code, comma-free 8-mer index codewords (CFC8), packetised files; LGPL-3.0; last commit 2021-05-10",Code read by this audit (10-repos-cluster1.md section 2),"Per-frame header: archive tag (2 B), group index (4 B), symbol index (2 B), covered by CRC-32 and inner RS (docs/VNX4_FORMAT.md; AD4-4). SIMULATED (no wet-lab or real-sequencing data exists)",V4 (4.0.0),Address field is protected by the same ECC as the payload,Comma-free index codewords that tolerate frame shifts,Address recovery without decoding (global address recovery) is absent; reads without a decodable address become orphans (31 % at the harsh channel per docs/LIMITATIONS.md),P2,medium,medium,Evaluate comma-free or marker-based addresses in the address-recovery work item,YELLOW
inner ECC,HEDGES (whpress/hedges),https://github.com/whpress/hedges,"Hash-based nucleotide code with sub/ins/del correction, stack-search decoder; outer RS (Schifra)","author-reported wet-lab (PNAS 2020, https://pmc.ncbi.nlm.nih.gov/articles/PMC7414044): untreated 0.57 % sub / 0.54 % del / 0.23 % ins, all 18 packets decoded at depth ~3; measured by this audit: 20 packets x 255 strands at code rate 0.5 decoded OK at 1.5x the paper's high-mutagenesis rates, 125 s single thread (~1.1 KB/s of message)","RS(14+P+r, 14+P) over GF(2^8) per frame plus CRC-32, r=16 default; accept iff CRC or 2e+f<=r then CRC (docs/VNX4_FORMAT.md section 10; src/vnxdna/v6/native/rs.c). SIMULATED (no wet-lab or real-sequencing data exists)",V4 (4.0.0) / V6 build/v6-p1 081697b (unreleased; package version still 5.0.0),Native SIMD inner RS (V6) and CRC acceptance rule,Inner code corrects indels directly; wet-lab depth-versus-rate data published,No indel-correcting inner code; no same-protocol comparison at matched code rate,P2,high,medium,Run HEDGES and VNX on one channel and rate in the dt4dds-benchmark harness,YELLOW
indel correction,DNA-Aeon (MW55),https://github.com/MW55/DNA-Aeon,CRC sync markers every 'sync' bytes plus stack-algorithm decoder (native C++17),"author-reported in vitro (Nat Commun 2023, https://doi.org/10.1038/s41467-023-36297-3); wrapped by dt4dds-benchmark and UNACORM","3-nt markers every 24 nt, marker-template banded DP turns indels into erased segments (src/vnxdna/v4/sync.py); native C aligner (src/vnxdna/v5/native/align.c); smart indel recovery, opt-in: median erased nt per indel 24 -> 4 (CHANGELOG 5.0.0). SIMULATED (no wet-lab or real-sequencing data exists)",V4 (4.0.0) / V5 (5.0.0),Fail-closed recovery with decision provenance; erasure-based RS handles resulting gaps,Published in-vitro results and presence in two public harnesses,VNX is not wrapped in either harness; no matched-rate comparison,P1,medium,medium,Write a dt4dds-benchmark wrapper (encode.sh/decode.sh) and run DNA-Aeon and VNX at 0.5/1.0/1.5 bit/nt,YELLOW
indel correction,DNASpiderWeb (SPIDER-WEB),https://github.com/HaolingZHANG/DNASpiderWeb,Graph-based coding with path correction; claims up to 4 % edit errors at 5.5 % logical redundancy; custom BGI-Research licence (commercialisation needs permission),"author-reported in silico (arXiv:2204.02855, https://arxiv.org/abs/2204.02855; no wet-lab, no peer-reviewed version found)",Markers + banded DP + erasure RS; no joint mapping/correction code. SIMULATED (no wet-lab or real-sequencing data exists),V4 (4.0.0) / V5 (5.0.0),Opt-in recovery has a measured erased-nt reduction (CHANGELOG 5.0.0),"Single graph unifies mapping and correction (claim, simulation only)",Different redundancy accounting; no common benchmark; licence blocks embedding,P4,high,low,Benchmark internally only if BGI permits; otherwise watch,YELLOW
indel correction,HKU-BAL/Gungnir,https://github.com/HKU-BAL/Gungnir,"Hash-signature fragments; decoder tests edit guesses until the hash matches; BSD-3-Clause, Go","author-reported in silico: single-copy recovery with 20 % erroneous bases (Nat Commun 2026, https://doi.org/10.1038/s41467-026-71485-x)",Markers + banded DP + erasure RS with opt-in smart indel recovery; no hash-guided search (src/vnxdna/v5/indel/). SIMULATED (no wet-lab or real-sequencing data exists),V6 build/v6-p1 081697b (unreleased; package version still 5.0.0),None identified,Single-copy decoding at 20 % erroneous bases by heavy compute (in silico),No single-read high-error regime in VNX; no matched comparison,P4,high,low,Add Gungnir as a harness target (BSD-3) to learn its compute cost,YELLOW
outer ECC / product code,Grass 2D RS code (DNA-RS wrapper),https://github.com/reinhardh/dna_rs_coding,"RS outer/inner coding in C++ with mapping, used for ETH Grass-group experiments; Apache-2.0; wrapped as 'DNA-RS' in dt4dds-benchmark","author-reported wet-lab (Heckel et al., Nature Protocols 2019, https://doi.org/10.1038/s41596-019-0244-5; Antkowiak 2020, https://doi.org/10.1038/s41467-020-19148-3)","Cauchy RS outer code K+M per group (64+16 default, 32+32 archival); opt-in product code with column parity and iterative row/column erasure decoding (src/vnxdna/v6/outer.py, src/vnxdna/ecc/cauchy.py; docs/V6_OUTER_CODE.md). Committed V6 simulation: i.i.d. dropout threshold V5 0.07 -> V6 0.16 at overhead 0.251 vs 0.249 (experiments/v6/phase1/summary.md). SIMULATED (no wet-lab or real-sequencing data exists)",V6 build/v6-p1 081697b (unreleased; package version still 5.0.0),"Analytic dropout bound, adaptive planner, burst tolerance",Wet-lab-validated 2D RS design; a documented public reference,The V5-to-V6 result is VNX versus VNX; no run against the Grass code under one protocol,P2,medium,medium,Run DNA-RS via dt4dds-benchmark against VNX product code on matched redundancy,YELLOW
outer ECC / erasure striping,Mr-PU/dnastore,https://github.com/Mr-PU/dnastore,"GF(256) RS erasure striping, CRC16 per strand turns bad strands into erasures, dropout-first simulators",Code read by this audit; simulation only,Cauchy RS erasure groups with CRC-32 frames (src/vnxdna/ecc/cauchy.py). SIMULATED (no wet-lab or real-sequencing data exists),V4 (4.0.0),Indel-aware inner layer in front of the erasure code,"Simple, documented API",No comparison; dnastore ignores indels so the layers are not equivalent,P4,low,none,None,YELLOW
fountain / LDPC,DNA Fountain (TeamErlich) and DNA-Aeon Raptor,https://github.com/TeamErlich/dna-fountain,"LT droplets with robust soliton, screening for GC/homopolymer, RS(2) per oligo, 7 % redundancy default; GPL-3.0; code last changed 2016-09-09","author-reported wet-lab (Science 2017, https://doi.org/10.1126/science.aaj2038): 72,000 oligos, 2.14 MB per README/search summary","GF(2) LT fountain, quadratic Gaussian elimination, k<=1024, EXPERIMENTAL; the V6 superblock v2 forbids it (src/vnxdna/v4/codecs.py). SIMULATED (no wet-lab or real-sequencing data exists)",V4 (4.0.0),Default RS path is deterministic,Fountain coding at scale with wet-lab data,VNX fountain is limited (k<=1024) and not used in the default path,P3,high,low,Keep experimental; do not market a fountain capability,YELLOW
fountain / LDPC,DNA StairLoop (Guanjinqu),https://github.com/Guanjinqu/StairLoop,"Convolutional + LDPC concatenation with BCJR iterative decoding, MPI-parallel decoder; GPL-3.0","author-reported wet-lab (Nat Commun 2025, https://doi.org/10.1038/s41467-025-64230-3): in vitro, electrochemical synthesis; >6 % error or >30 % dropout within a block at <3x depth (abstract)","ABSENT: no LDPC, polar or convolutional codes in src/ (backlog R-02, research). SIMULATED (no wet-lab or real-sequencing data exists)",V6 build/v6-p1 081697b (unreleased; package version still 5.0.0),None,Iterative soft decoding with LDPC; in-vitro result on a high-error synthesis channel,No LDPC/convolutional inner or outer option,P3,high,medium,Research item: LDPC outer code with soft inputs; compare through the harness only (GPL: separate process),RED
fountain / LDPC,shubhamchandak94/LDPC_DNA_storage,https://github.com/shubhamchandak94/LDPC_DNA_storage,LDPC for DNA storage; MIT; wrapped by dt4dds-benchmark ldpc.py,Repository metadata; wet-lab data repo linked (20-repos-cluster2.md section 4),ABSENT. SIMULATED (no wet-lab or real-sequencing data exists),V6 build/v6-p1 081697b (unreleased; package version still 5.0.0),None,Public LDPC implementation under a permissive licence,No LDPC,P3,medium,low,Same as StairLoop row,RED
soft decoding (quality-based),dna-storage/hedges-soft-decoder,https://github.com/dna-storage/hedges-soft-decoder,"Alignment-Matrix and Beam-Trellis soft decoding of HEDGES from Bonito CTC output, GPU; ONT Public License 1.0 (research-only)","author-reported wet-lab reads (Bioinformatics 2025, https://www.ncbi.nlm.nih.gov/pmc/articles/PMC11755093/): hard decoder >25 % byte error rate, prior soft decoder 2.25 % at 183 s/read, new decoder 257x faster at 3.52 % (search-result summary; cross-check before quoting)","Opt-in soft decoding: erasure and GMD-Chase using read quality, `--soft-decoding`, `--min-quality` (src/vnxdna/v5/soft/); soft posteriors in consensus. 0 false accept in the V5 simulations (CHANGELOG 5.0.0). SIMULATED (no wet-lab or real-sequencing data exists)",V5 (5.0.0),No GPU or basecaller dependency; licence-free,Soft decoding from basecaller posteriors on real nanopore reads,VNX has no basecaller-posterior input and no nanopore data path,P3,high,medium,Define a soft-input interface for per-base posteriors; test on D03/D12 reads,YELLOW
soft decoding (basecaller-integrated),shubhamchandak94/nanopore_dna_storage,https://github.com/shubhamchandak94/nanopore_dna_storage,Convolutional inner code with Viterbi decoder integrated with the basecaller (Flappie/bonito); MIT,"author-reported wet-lab (ICASSP 2020, bioRxiv https://doi.org/10.1101/2019.12.20.871939, preprint): abstract reports 3x lower reading cost against the baseline the authors chose",ABSENT: no signal-level or basecaller integration. SIMULATED (no wet-lab or real-sequencing data exists),V6 build/v6-p1 081697b (unreleased; package version still 5.0.0),None,Basecaller-integrated decoding with experimental data,No nanopore integration,P4,high,low,Watch; consider only after nanopore data fitting,RED
soft decoding (profile-HMM + LDPC),jeplb/mahoraga-codec,https://github.com/jeplb/mahoraga-codec,"Pure Python: 126-nt strands, profile-HMM alignment, LDPC+OSD, RS over GF(2^16); PolyForm Noncommercial 1.0.0","author-reported in silico: single-author arXiv preprint 2604.20810 (https://doi.org/10.48550/arxiv.2604.20810), DT4DDS channel; not peer reviewed",Soft decoding opt-in; no HMM alignment. SIMULATED (no wet-lab or real-sequencing data exists),V5 (5.0.0),Not comparable,Claims reported on the DT4DDS channel,"Licence forbids for-profit use, so VNX cannot run it; numbers are single-author claims",P5,medium,none,Do not benchmark or cite its numbers as results,BLACK
indel-correcting codes (VT / HEDGES-like),"HEDGES family (whpress, reframed fasthedges)",https://github.com/dna-storage/reframed,reframed pipelines RS+HEDGES and LT+HEDGES with C++ fasthedges extension,Code and README read by this audit; tests not run,ABSENT: indels are handled by markers to erasures (docs/LIMITATIONS.md). SIMULATED (no wet-lab or real-sequencing data exists),V6 build/v6-p1 081697b (unreleased; package version still 5.0.0),Marker approach has a simple failure model,Algebraic/hash-based indel correction inside the code,No VT or HEDGES-like code,P3,high,medium,Research item; compare marker approach and HEDGES on one channel first,RED
ECC (proprietary),Iridia Inc.; Catalog (now Biomemory); Mimulus,https://patents.google.com/patent/US12437841B2/en,"In-house ECC; Catalog patent US12437841B2 (error protection, owned by Biomemory)",Company statements and patent record only (30-companies.md),"RS-based ECC, all simulated. SIMULATED (no wet-lab or real-sequencing data exists)",V6 build/v6-p1 081697b (unreleased; package version still 5.0.0),Not comparable,Unknown; likely tuned to own synthesis/readout,Cannot be compared,P5,low,none,None; patents go to the FTO row,BLACK
clustering,"dt4dds-benchmark clusterers (CD-HIT, Clover, LSH, MMseqs2, Starcode, Naive, BasicSet)",https://github.com/fml-ethz/dt4dds-benchmark,Six clusterers plus kalign MSA consensus in a published harness; GPL-3.0,"Repository fields read by this audit; code read by this audit, not run",ABSENT: reads are grouped by decoded address; no clustering of reads without an address (docs/LIMITATIONS.md). SIMULATED (no wet-lab or real-sequencing data exists),V6 build/v6-p1 081697b (unreleased; package version still 5.0.0),None,Clustering without a decodable address,Reads whose address cannot be decoded are orphaned (31 % at the harsh channel),P2,high,medium,Prototype LSH clustering behind the address-recovery item; evaluate with the harness,RED
clustering,dna-storage/reframed,https://github.com/dna-storage/reframed,"LSH clustering, MUSCLE and majority vote; fault injectors incl. real-FASTQ replay and downsampling",Code and README read by this audit; tests not run,ABSENT. SIMULATED (no wet-lab or real-sequencing data exists),V6 build/v6-p1 081697b (unreleased; package version still 5.0.0),None,Clustering and replay of real FASTQ,No unaddressed read clustering,P2,high,medium,Same as above,RED
trace reconstruction / consensus,microsoft/TrellisBMA,https://github.com/microsoft/TrellisBMA,"Soft-output coded trace reconstruction on a multi-trace IDS trellis, linear in the number of traces; MIT, archived 2024-05-11; Python + numba notebooks","author-reported wet-lab data and simulation (ISIT 2021, https://arxiv.org/abs/2107.06440); error rates ~0.017/0.020/0.022 ins/del/sub on the CNR dataset; numbers only in figures, not extracted or re-run","ABSENT for indel channels: consensus with soft posteriors per decoded address, no quality-weighted multi-read reconstruction (backlog F-06 / R-01). SIMULATED (no wet-lab or real-sequencing data exists)",V6 build/v6-p1 081697b (unreleased; package version still 5.0.0),None,Multi-trace IDS reconstruction with soft outputs,No trace reconstruction; VNX results on raw nanopore-like channels are unknown,P2,high,medium,Implement a trace-reconstruction baseline; test on CNR (with its generation-bug caveat) and simulated sets,RED
trace reconstruction / consensus,GZHoffie/bbs,https://github.com/GZHoffie/bbs,"Bidirectional beam search trace reconstruction in Rust; MIT, release v0.2.0",author-reported in silico (RECOMB-seq 2025; no DOI verified) ; repository metadata only,ABSENT. SIMULATED (no wet-lab or real-sequencing data exists),V6 build/v6-p1 081697b (unreleased; package version still 5.0.0),None,Native-speed reconstruction,Same as TrellisBMA,P3,medium,low,Use as a reconstruction baseline binary (MIT),RED
consensus (address-grouped),dt4dds-benchmark kalign MSA consensus,https://github.com/fml-ethz/dt4dds-benchmark,kalign MSA plus consensus on clustered reads; NGmerge read merging,"Repository fields read by this audit; code read by this audit, not run","Consensus with soft posteriors, address snapping, duplicate resolution, orientation detection (V4 decoder); deferred recovery schedule (V5 Gate B). SIMULATED (no wet-lab or real-sequencing data exists)",V4 (4.0.0) / V5 (5.0.0),Decoder-integrated consensus uses the frame's own redundancy,Generic MSA consensus for any codec,No head-to-head on the same reads,P3,medium,low,Compare through the harness with the same read set,YELLOW
ML decoders,DNAformer (itaiorr/Deep-DNA-based-storage),https://github.com/itaiorr/Deep-DNA-based-storage,CNN + transformer trained on simulated noisy clusters reconstructs strands; tensor-product ECC; MIT; datasets partly 'on request',"author-reported wet-lab per Nature Machine Intelligence (Feb 2025, from a search summary; journal page not opened); preprint https://arxiv.org/abs/2109.00031 claims 1.6 bits/base in a high-noise regime and up to x3200 speed-up (preprint abstract)",ABSENT: no learned decoder or reconstruction model. SIMULATED (no wet-lab or real-sequencing data exists),V6 build/v6-p1 081697b (unreleased; package version still 5.0.0),"Deterministic, auditable decode path",Learned reconstruction replacing clustering and consensus,No ML component; GPU and non-public data limit reproduction,P4,high,low,Watch; consider only after clustering and fitting exist,RED
ML decoders,MLI-lab/TReconLM,https://github.com/MLI-lab/TReconLM,Transformer trace reconstruction; no licence declared,Repository metadata only,ABSENT. SIMULATED (no wet-lab or real-sequencing data exists),V6 build/v6-p1 081697b (unreleased; package version still 5.0.0),None,Unknown,No licence; cannot be run or compared,P5,high,none,None,BLACK
"read ingestion (pairs, primers, merge)","dt4dds-benchmark processing notebooks (bbmap, NGmerge, seqtk pinned)",https://github.com/fml-ethz/dt4dds-benchmark_notebooks,"Pinned bbmap 39.01, NGmerge 0.3, seqtk 1.4; paired-end merge and demultiplex",Repository README read by this audit (40-datasets.md D01),"FASTA/FASTQ/plain reads, streaming native parser (src/vnxdna/v6/native/reads.c); no primer trimming, no paired-end merge, no BAM (docs/LIMITATIONS.md). SIMULATED (no wet-lab or real-sequencing data exists)",V6 build/v6-p1 081697b (unreleased; package version still 5.0.0),"Native streaming parser: 115.9 -> 557.1 MiB/s (x4.81) on 257 MiB synthetic FASTQ, outputs identical (benchmarks/v6/native_reads/results/bench_reads.json; recorded on a dirty tree, git_dirty: true)",Complete read-preparation chain for real Illumina data,Real datasets cannot be ingested end to end,P1,medium,low,"Add primer search/trim on both orientations, PE merge and read-to-reference assignment (fitting plan)",RED
channel simulator,fml-ethz/dt4dds (digital twin),https://github.com/fml-ethz/dt4dds,"Python digital twin of array synthesis, PCR, ageing, sequencing-by-synthesis plus error-analysis pipeline; GPL-3.0","author-reported wet-lab-calibrated (Nat Commun 2023, https://doi.org/10.1038/s41467-023-41729-1): model fitted to 40 sequencing experiments","14 named, versioned mixed-error models in experiments/v6/channel/models; sub/ins/del, dropout, Poisson/NB coverage, bursts, homopolymer and GC terms, N calls, reverse complement, quality scores; 'illumina-like'/'nanopore-like' explicitly not fitted to any measured platform (src/vnxdna/v4/channel.py, src/vnxdna/v6/loss.py). SIMULATED (no wet-lab or real-sequencing data exists)",V6 build/v6-p1 081697b (unreleased; package version still 5.0.0),Run on VNX payloads with Wilson CIs in committed experiments,"Model parameters fitted on measured data, stage by stage","VNX simulator is not calibrated, so simulated thresholds may not transfer",P1,medium,low,"Implement model schema v2 and fit to D04, D03, D02, D01 (registry plan)",YELLOW
channel simulator,umr-ds/mesa_dna_sim (MESA),https://github.com/umr-ds/mesa_dna_sim,"Dockerised Flask service simulating synthesis, storage, PCR and sequencing errors; AGPL-3.0","author-reported in silico (Bioinformatics 2020, https://doi.org/10.1093/bioinformatics/btaa140)","No PCR dynamics, chimeras, strand breakage or synthesis truncation (docs/LIMITATIONS.md l.12, l.67). SIMULATED (no wet-lab or real-sequencing data exists)",V6 build/v6-p1 081697b (unreleased; package version still 5.0.0),Lightweight in-process simulator,Models more process stages,Missing stages,P3,medium,low,Add PCR duplication-dynamics and chimera options after fitting,YELLOW
channel simulator,WangLabTHU/DeSP,https://github.com/WangLabTHU/DeSP,"DNA storage simulator, MIT","author-reported in silico, compared with in vitro (BMC Bioinformatics 2022, https://doi.org/10.1186/s12859-022-04723-w)",Same as above. SIMULATED (no wet-lab or real-sequencing data exists),V6 build/v6-p1 081697b (unreleased; package version still 5.0.0),Not established,Compared with in-vitro data per the paper,No comparison,P4,low,low,None beyond the fitting plan,YELLOW
position-dependent errors,y1151/DNATerra,https://github.com/y1151/DNATerra,"Read simulator with empirical position-dependent profiles from three chip platforms, GC/homopolymer/motif biases, CIGAR/MD ground truth; MIT, created 2026-06-02",Repository claim; no paper or independent validation found (10-repos-cluster1.md section 4),"ABSENT: errors are i.i.d. per base apart from homopolymer, burst and GC terms. SIMULATED (no wet-lab or real-sequencing data exists)",V6 build/v6-p1 081697b (unreleased; package version still 5.0.0),None,Position profiles (claimed),No position-dependent errors; electrochemical synthesis shows deletion rate rising toward the 5' end per D02 priors,P2,low,low,Add `position_profile` to schema v2; fit from D02,RED
fitted channel models / real datasets,ETH DT4DDS reads (D02) and codec benchmark (D01),https://www.ebi.ac.uk/ena/browser/view/PRJEB65931,ENA PRJEB65931 (161 iSeq 100 runs) and PRJEB90546; ground truth published,author-reported wet-lab; accessions verified against ENA/SRA by the dataset audit (40-datasets.json),"ABSENT: no public dataset ingestion or channel fitting (backlog R-03, open); no PUBLIC-DATA-DERIVED evidence class. SIMULATED (no wet-lab or real-sequencing data exists)",V6 build/v6-p1 081697b (unreleased; package version still 5.0.0),None,Published real reads with ground truth,Cannot fit any parameter to measured data,P0,medium,low,Build fitter experiments/v7/fit/fit_channel.py and the evidence class (see registry),RED
fitted channel models / real datasets,microsoft/clustered-nanopore-reads-dataset (CNR),https://github.com/microsoft/clustered-nanopore-reads-dataset,"10,000 x 110-nt centers and 269,709 ONT MinION reads in clusters; MIT; authors note (2024-08-12) centers not uniformly random","author-reported wet-lab (Twist, ONT; ISIT 2021 data). Counts from 10-repos-cluster1.md section 1b",ABSENT. SIMULATED (no wet-lab or real-sequencing data exists),V6 build/v6-p1 081697b (unreleased; package version still 5.0.0),None,"Day-0 smoke-test dataset, 31 MB",No ingestion,P0,low,low,Use as the first fitting target with the generation-bug caveat recorded,RED
fitted channel models / real datasets,UW MISL data-nbt17 (Organick 2018),https://github.com/uwmisl/data-nbt17,Data repo (id20 sample as Git LFS pointers); no licence file,"author-reported wet-lab (Nat Biotechnol 2018, https://racz.statistics.northwestern.edu/Organick+18NBT.pdf): 13,448,372 unique 150-154-nt oligos",ABSENT. SIMULATED (no wet-lab or real-sequencing data exists),V6 build/v6-p1 081697b (unreleased; package version still 5.0.0),None,Large real data,No ingestion; no licence so redistribution unclear,P2,medium,low,Fit only after D01-D04; keep hash lockfile not data,RED
coverage / bias model,UW MISL storage-biasing-ncomms20,https://github.com/uwmisl/storage-biasing-ncomms20,Coverage arrays quantifying molecular bias (biased vs non-biased chip); no licence,author-reported wet-lab (Nat Commun 2020; paper title/DOI not confirmed by the audit),Poisson / negative-binomial coverage and GC-bias terms (`gc_bias_strength/optimum`) not fitted. SIMULATED (no wet-lab or real-sequencing data exists),V6 build/v6-p1 081697b (unreleased; package version still 5.0.0),Model terms exist,Real coverage distributions,Lognormal coverage (sigma 0.58 GC-constrained vs 1.30 unconstrained per DT4DDS) is not an option in VNX,P2,low,low,Add lognormal coverage and compare by AIC on D14/D02,YELLOW
random access (digital),UW MISL (Organick 2018 file-level access),https://github.com/uwmisl/data-nbt17,"Random access across 35 files by PCR primers; repository has data only, no codec",author-reported wet-lab (Nat Biotechnol 2018),"`vnx locate`, `vnx extract --file`, Merkle per-chunk verify; digital selection decodes only groups touching selected files, smart/soft recovery restricted to selected stripes (513facb). Pass 1 still parses and aligns every read. Open P1 job #56: select fails with 'no superblock could be decoded' on V6 stripe archives (D=4, Mc=2) at coverage 2-3 where full decode succeeds. SIMULATED (no wet-lab or real-sequencing data exists)",V4 (4.0.0) / V6 build/v6-p1 081697b (unreleased; package version still 5.0.0),Per-chunk Merkle proof on extraction,Physical enrichment avoids reading everything,Digital select broken on V6 stripe archives; full-read parse remains,P0,medium,low,Fix job #56 with a failing test first; then measure select cost versus file size,YELLOW
random access (digital),Bornholt 2016 (XOR-based random access),n/a: no official code found,No official codec; student re-implementations only,Literature; code search by the audit (20-repos-cluster2.md section 4),As above,V4 (4.0.0) / V6 build/v6-p1 081697b (unreleased; package version still 5.0.0),Not comparable,Not comparable,No public implementation to run,P5,low,none,None,BLACK
molecular random access (primer/PCR),uwmisl/cas9-random-access,https://github.com/uwmisl/cas9-random-access,Cas9 enrichment with nanopore sequencing; no licence declared,Repository metadata only,ABSENT (docs/LIMITATIONS.md). SIMULATED (no wet-lab or real-sequencing data exists),V6 build/v6-p1 081697b (unreleased; package version still 5.0.0),None,Physical selection methods,No primer or molecular access design,P2,high,medium,Primer module first; Cas9 is out of scope,RED
random access preview,"dna-storage/dnapreview, ncomm-file-preview",https://github.com/dna-storage,File 'preview' via partial decode; LGPL/MIT; 2021-2022,Not read by the audit (10-repos-cluster1.md section 2 table),As above,V4 (4.0.0),Not established,Unknown,Unverified,P5,low,none,Read the repos before any claim,BLACK
object-storage / S3 API,Biomemory with Scality,https://www.datacenterdynamics.com/en/news/dna-data-storage-startup-biomemory-acquires-catalog-technologies-plans-data-center-deployment-in-h2-2026/,S3 interface for datacenter appliances promised for H2 2026; Scality partnership announced 2 Jun 2026,Company statements; shipment not confirmed as of 2026-10-05 (30-companies.md),"ABSENT: no REST service, object store or S3 code in src/ (no fastapi/flask/boto). SIMULATED (no wet-lab or real-sequencing data exists)",V6 build/v6-p1 081697b (unreleased; package version still 5.0.0),None,Announced S3 integration with an object-storage vendor,No S3-compatible interface,P3,medium,medium,Design an S3-compatible gateway over the archive API after the Python API is documented,BLACK
object-store API (library),Mr-PU/dnastore,https://github.com/Mr-PU/dnastore,Python store/retrieve/update/delete API with plugin codecs and FASTA/FASTQ export; Apache-2.0,Code read by this audit; simulation only,Typer CLI (`vnx`) is the main interface; `src/vnxdna/api.py` is V1-V3 era; no docs/API.md; V9 SDK not started. SIMULATED (no wet-lab or real-sequencing data exists),V6 build/v6-p1 081697b (unreleased; package version still 5.0.0),Archive CLI with verify/locate/extract,Documented object-style API,No documented Python API; no REST,P3,medium,low,Document and freeze a Python API,RED
filesystem / FUSE,Mr-PU/dnastore (FUSE VFS),https://github.com/Mr-PU/dnastore,FUSE virtual filesystem over the simulated pool,Code read by this audit; simulation only,ABSENT: no FUSE code. SIMULATED (no wet-lab or real-sequencing data exists),V6 build/v6-p1 081697b (unreleased; package version still 5.0.0),None,Mountable view,No filesystem interface,P4,medium,low,Defer,RED
management API,SNIA Swordfish DNA working draft,https://www.snia.org/sites/default/files/technical-work/swordfish/draft/DNA%20Data%20Storage%20in%20Swordfish%20-%20Working%20Draft.pdf,Working draft (Jan 2026) for managing DNA storage systems: object stores plus 'DNA process' resources,Standards draft (30-companies.md section 3),ABSENT. SIMULATED (no wet-lab or real-sequencing data exists),V6 build/v6-p1 081697b (unreleased; package version still 5.0.0),None,Draft model; no implementation found,No Swordfish resources,P4,medium,medium,Track the draft; implement only after a stable release,RED
encryption,SSL-ACTX/helix,https://github.com/SSL-ACTX/helix,"XChaCha20-Poly1305 per block, Argon2id master key, HKDF","README claims, simulation only; code read by this audit, not run","AES-256-GCM per chunk, HKDF-SHA256 subkeys, key file (32 B) or scrypt passphrase with caps (memory <=1 GiB, N*r*p <=2^25); downgrade protection (7450ede) (docs/VNX4_FORMAT.md section 6; src/vnxdna/v4/crypto.py). Caveat: DNA decode of an encrypted archive without the key returns SUCCESS on the ciphertext container; extraction is fail-closed. SIMULATED (no wet-lab or real-sequencing data exists)",V4 (4.0.0),"Security scans committed: CRIT 0, HIGH 0, MED 1, LOW 37 at 5c39a50 (VNX-Vault/Builds/security-2026-10-05.md)",Rust implementation of a comparable scheme (claim),No independent review of either design,P3,medium,low,Commission an external crypto review before any security claim,YELLOW
encryption,DNA-Aeon (MW55),https://github.com/MW55/DNA-Aeon,"No encryption, no authentication, CRC only","Repository fields read by this audit; code read by this audit, not run",AES-256-GCM per chunk (see above). SIMULATED (no wet-lab or real-sequencing data exists),V4 (4.0.0),Authenticated encryption in the archive format,None for this capability,"Basis for GREEN: the competitor has no encryption. This is a feature difference, not a performance claim",P4,low,none,None,GREEN
integrity / Merkle,DNA-Aeon (MW55),https://github.com/MW55/DNA-Aeon,CRC markers; no Merkle structure,"Repository fields read by this audit; code read by this audit, not run","Integrity chain: file SHA-256 -> chunk ID -> RFC 6962/9162 Merkle root over the chunk table -> manifest (SHA-256 or HMAC) -> trailer; container SHA-256 in superblock; `vnx verify --chunk` (docs/VNX4_FORMAT.md; src/vnxdna/v4/merkle.py). Fail-closed publish, PARTIAL extracts only verified files (exit code 9). SIMULATED (no wet-lab or real-sequencing data exists)",V4 (4.0.0),End-to-end verification with proofs,None for this capability,Basis for GREEN: the competitor has no Merkle or whole-archive integrity chain,P4,low,none,None,GREEN
key management,SSL-ACTX/helix (KDF only),https://github.com/SSL-ACTX/helix,"Argon2id-derived keys; no rotation, KMS or HSM found by the audit","README claims; code read by this audit, not run","ABSENT: no rotation, KMS/HSM, multi-recipient or escrow. SIMULATED (no wet-lab or real-sequencing data exists)",V4 (4.0.0),None,None found among audited repositories,A product requirement rather than a competitor lead: no audited competitor offers key management either,P3,medium,medium,Specify key rotation and multi-recipient wrapping in the format before V11 commercial gate,RED
encryption / key handling (proprietary),AtlasBase,https://www.digitalpreservation.gov/meetings/DSA2026/0231_banyai_2026.03.10%20Atlas%20LOC%20v1.pdf,Customer sends encrypted data; service returns capsules plus boot record and metadata as DNA,Company slides (LoC DSA 2026),AES-256-GCM per chunk. SIMULATED (no wet-lab or real-sequencing data exists),V4 (4.0.0),Not comparable,Unknown,Cannot be compared,P5,low,none,None,BLACK
native performance,HEDGES (whpress/hedges),https://github.com/whpress/hedges,"Pure C++ heap-limited stack decoder, single thread","Measured by this audit: 125 s for 20 packets x 255 strands at code rate 0.5 (includes encode and error injection), ~1.1 KB/s of message, default compiler flags, one read per strand","V4 clean recoverable throughput 4.0-4.5 MB/s at 4 workers (10 MiB-1 GiB); V4 noisy 0.17 MB/s (1 worker) to 0.91 MB/s (8 workers); V6 native RS end-to-end 10.89 -> 7.03 s (x1.55) on a 4 MiB noisy decode (docs/V4_COMPLETION_REPORT.md l.107-108; benchmarks/v6/native_rs/results/bench.json, dirty tree). Single shared Xeon Gold 6240 VPS, ~10 % noise. SIMULATED (no wet-lab or real-sequencing data exists)",V4 (4.0.0) / V6 build/v6-p1 081697b (unreleased; package version still 5.0.0),Native C kernels with sanitizer and differential-fuzz coverage,HEDGES recovers at higher error rates per its paper,"The two measurements use different protocols, channels, code rates and hardware; no ratio is claimed",P2,medium,low,Time both through the same harness job; report per-strand and per-byte costs,YELLOW
native performance,DNA-Aeon (MW55),https://github.com/MW55/DNA-Aeon,"Native C++17 stack decoder (abseil, Zippy); example encode/decode ~3 s on a desktop (README); no throughput figures","Repository README read by this audit; code read by this audit, not run","Native C11 aligner x9.6-11.3 (28-30 Mbases/s vs 2.6-2.9) (docs/V5_PHASE2_NATIVE_ALIGNMENT.md l.146); native read parser; native SIMD RS (scalar/AVX2; AVX-512 0.94x AVX2, not auto-selected); x86-64 only. SIMULATED (no wet-lab or real-sequencing data exists)",V5 (5.0.0) / V6 build/v6-p1 081697b (unreleased; package version still 5.0.0),Bit-exact native-versus-reference tests,Public Docker image and a pinned toolchain,No throughput measured for DNA-Aeon; non-x86 builds untested,P3,low,low,Measure DNA-Aeon throughput in the harness,YELLOW
streaming / parallel,SSL-ACTX/helix,https://github.com/SSL-ACTX/helix,"4 MB independent blocks, Rayon parallelism, ~80 MB peak RAM claimed","README claims, not measured; code read by this audit, not run","Streaming decode PARTIAL (bounded memory, 8e517ef); streaming encode and parallel pipeline ABSENT (milestones 7 and 9 todo). V4 1 GiB clean round trip: 33,557,314 strands, encode 96.8 s, decode 244.4 s, 326 MB peak RSS (docs/V4_COMPLETION_REPORT.md l.109-110); noisy runs reach 16 MiB (EXP-0011). SIMULATED (no wet-lab or real-sequencing data exists)",V4 (4.0.0) / V6 build/v6-p1 081697b (unreleased; package version still 5.0.0),1 GiB round trip measured,Block-level streaming and parallelism by design (claim),No streaming encode; scale under noise is 16 MiB,P2,medium,medium,"Complete streaming decode, add streaming encode and a parallel pipeline",RED
scale / large files,UW MISL Organick 2018 and LoC pilot,https://www.digitalpreservation.gov/meetings/DSA2026/0103_budaSmithColtellino_Designing%20Storage%20Architecture%20Conference%202026%20OCIO%20DSD_VC_NBS.pdf,"Organick: >200 MB across 35 files; LoC pilot ~1.0 of 1.5 GB synthesised, stored and validated by Mar 2026",author-reported wet-lab / institutional slides,1 GiB clean software round trip; largest noisy run 16 MiB. SIMULATED (no wet-lab or real-sequencing data exists),V4 (4.0.0),Software scale tested,Physical scale demonstrated,Software scale cannot be compared with physical scale,P5,low,none,None,YELLOW
testing / fuzzing / sanitizers,DNA-Aeon (MW55),https://github.com/MW55/DNA-Aeon,One C++ test for the arithmetic encoder; no fuzzing,"Repository fields read by this audit; code read by this audit, not run","154 test files at 081697b, 1,690 passed and 3 skipped in a full-suite run on a clean checkout of 081697b (2026-10-05; results/full-suite-081697b-20261005-0515.txt in the lab); the 1781 figure came from a WIP tree, not a commit; property tests; golden compat; native-vs-reference differential fuzz (V5 700,000 reads; V6 parser 100k+3x20k; RS ~1.05 M comparisons, 0 mismatches); gcc ASan+UBSan, clang ASan+UBSan, UBSan-trap, valgrind for V6 kernels; no MSan; no CI on V6 (branch not pushed) (docs/TESTING.md; benchmarks/v6/native_*/results/sanitizers.txt). SIMULATED (no wet-lab or real-sequencing data exists)",V5 (5.0.0) / V6 build/v6-p1 081697b (unreleased; package version still 5.0.0),Differential fuzz and sanitizers on all native kernels,None for this capability,Basis for GREEN: the competitor has no fuzzing or sanitizer runs. VNX CI has never run on V6,P2,low,low,Push the branch so CI runs (founder action); add RS/aligner libFuzzer harnesses,GREEN
testing (fault injection),dna-storage/reframed,https://github.com/dna-storage/reframed,"pytest (~135 tests), fault injectors: fixed-rate, position-rate, pattern, real-FASTQ replay with downsampling, DNArSim",Code read; tests not run,Channel evaluation scripts with 5-sigma binomial tolerance and Wilson CIs (tests/v6/channel); no real-FASTQ replay. SIMULATED (no wet-lab or real-sequencing data exists),V6 build/v6-p1 081697b (unreleased; package version still 5.0.0),Statistical tolerances and golden archives,Replay of real FASTQ in tests,No real-read replay,P2,low,low,Add a committed 50-cluster CNR fixture for deterministic regression,YELLOW
reproducibility / provenance,dt4dds-benchmark / DNA-Aeon,https://github.com/fml-ethz/dt4dds-benchmark,"Docker image (agimpel/dt4dds-benchmark), pinned tool versions, HDF5 results; DNA-Aeon: Zenodo DOI, Docker, Python 3.9 pinned","Repository README read by this audit; code read by this audit, not run","Benchmarks record provenance (V5 Phase 4; src/vnxdna/provenance.py); golden hashes. V6 native benchmarks were recorded at 8e517ef with git_dirty: true, weaker than the repo's own standard; CHANGELOG cites docs/V6_PHASE1_REPORT.md, which does not exist at 081697b. SIMULATED (no wet-lab or real-sequencing data exists)",V5 (5.0.0) / V6 build/v6-p1 081697b (unreleased; package version still 5.0.0),Per-result provenance records,Container images for the whole toolchain,No container image; two V6 provenance defects,P1,low,low,Re-run V6 native benchmarks on a clean tree; add the missing report; publish a Dockerfile result run,YELLOW
physical validation,HEDGES (Press et al. 2020),https://pmc.ncbi.nlm.nih.gov/articles/PMC7414044,"5,865 Twist 300-nt oligos (23-nt primers + 254-nt payload), 18 packets x 255 strands at six code rates, MiSeq ~50x",author-reported wet-lab (PNAS 2020),"NONE: no wet-lab or real-sequencing data in the codebase; interface only (experiments/v6/physical/, 9 JSON schemas + validate.py; example labelled synthetic_software_test); docs/LIMITATIONS.md: 'NOT PHYSICALLY VALIDATED'. SIMULATED (no wet-lab or real-sequencing data exists)",V6 build/v6-p1 081697b (unreleased; package version still 5.0.0),None,Published wet-lab recovery data,No physical result,P0,high,high,"First wet-lab round per registry plan (primers, <=300 nt, order export, read ingestion)",RED
physical validation,BGI YYC (Nat Comput Sci 2022),https://doi.org/10.1038/s43588-022-00231-2,"10,103 oligos x 200 nt in vitro; ~54 kbp in yeast",author-reported wet-lab (via PMC summary),As above,V6 build/v6-p1 081697b (unreleased; package version still 5.0.0),None,Wet-lab and in-vivo data,No physical result,P0,high,high,As above,RED
physical validation,DNA Fountain (Erlich 2017),https://doi.org/10.1126/science.aaj2038,"72,000 oligos, ~2.14 MB; raw reads ENA PRJEB19305/PRJEB19307",author-reported wet-lab,As above,V6 build/v6-p1 081697b (unreleased; package version still 5.0.0),None,Public raw reads (D08),No physical result,P0,high,high,As above,RED
physical validation,UW MISL / Library of Congress pilot,https://www.digitalpreservation.gov/meetings/DSA2026/0103_budaSmithColtellino_Designing%20Storage%20Architecture%20Conference%202026%20OCIO%20DSD_VC_NBS.pdf,"Contract Sep 2025 for a 1.5 GB archive; ~1.0 GB synthesised, stored and validated by Mar 2026",Institutional slides (author-reported),As above,V6 build/v6-p1 081697b (unreleased; package version still 5.0.0),None,Public-sector pilot,No physical result,P0,high,high,As above,RED
physical validation (commercial),AtlasBase,https://www.storagenewsletter.com/2025/12/02/atlas-data-storage-introduces-the-worlds-first-scalable-dna-data-storage-offering/,Atlas Eon 100 service announced 2 Dec 2025; no independent third-party decode audit found,Company announcements; price not disclosed,As above,V6 build/v6-p1 081697b (unreleased; package version still 5.0.0),Not comparable,Unknown,Performance and codec unknown,P1,high,high,Track; position verification as the complement,BLACK
physical validation (commercial),Biomemory,https://www.datacenterdynamics.com/en/news/biomemory-launches-first-commercially-available-dna-storage-solution/,"DNA Card (1 KB text, ~$1,000 for two cards) sold since late 2023, deliveries from Jan 2024",Company announcements,As above,V6 build/v6-p1 081697b (unreleased; package version still 5.0.0),Not comparable,KB-scale product shipped,Codec and error performance unknown,P1,high,high,Track,BLACK
standards (DDSA Sector Zero),DNA Data Storage Alliance,https://www.snia.org/news_events/newsroom/dna-data-storage-alliance-releases-its-first-specifications-storage-digital,"Sector Zero v1.0: 70 bases, 35 identify the vendor and 35 the codec (approved 11 Nov 2023, released 12 Mar 2024); no reference implementation or conformance suite found","Standards document; snia.org returned 403, so facts came from mirrors (30-companies.md)",ABSENT: VNX strands carry no Sector Zero header. SIMULATED (no wet-lab or real-sequencing data exists),V6 build/v6-p1 081697b (unreleased; package version still 5.0.0),None,Industry-recognised bootstrap header,Not implemented,P1,medium,medium,Implement an opt-in Sector Zero writer/reader and a conformance test; join the DDSA (founder decision),RED
standards (DDSA Sector One),DNA Data Storage Alliance,https://snia.org/standards/technology-standards-software/standards-portfolio/dna-data-storage-sector-one,"Sector One v1.0: archive metadata, file table, sequencer parameters",Standards document,VNX4 manifest and file table exist but are not Sector One. SIMULATED (no wet-lab or real-sequencing data exists),V4 (4.0.0),Richer integrity metadata (Merkle root),Standard field layout,No mapping from the VNX4 manifest to Sector One,P1,medium,medium,Specify a mapping and test against the published fields,RED
standards (JPEG DNA),JPEG DNA ISO/IEC 25508-1,https://jpeg.org/items/20260608_press.html,Image codec to nucleotides under biochemical constraints; Draft International Standard April 2026; independent wet-lab decode reported,Standards press release (images only),ABSENT. SIMULATED (no wet-lab or real-sequencing data exists),V6 build/v6-p1 081697b (unreleased; package version still 5.0.0),General file archive,Image-specific standard,Cannot wrap JPEG DNA payloads,P3,medium,low,Wrap as an opaque payload inside a Sector Zero/One archive,RED
standards (codec metrics),SNIA Codecs white paper v1.0,https://www.storagenewsletter.com/2025/07/16/snia-published-two-dna-data-storage-white-papers/,"Codecs: Examples, Requirements and Metrics v1.0 (30 Jun 2025)",White paper,"benchmarks/competitors/records.json: 12 literature systems with computed comparability labels, no claims; alignment with the white-paper metrics not checked. SIMULATED (no wet-lab or real-sequencing data exists)",V6 build/v6-p1 081697b (unreleased; package version still 5.0.0),"Comparability labels computed, not asserted",Industry metric set,Reporting not aligned with the white paper,P2,low,low,Map VNX reports to the white-paper metrics,YELLOW
biosecurity screening,DDSA biosecurity work item,https://www.storagenewsletter.com/2025/07/16/snia-published-two-dna-data-storage-white-papers/,Stated requirement: no problem sequences in the pipeline; no tooling found,Standards statement,ABSENT. SIMULATED (no wet-lab or real-sequencing data exists),V6 build/v6-p1 081697b (unreleased; package version still 5.0.0),None,None found,No screening at codec level,P3,medium,medium,Specify a screening hook in order export,RED
benchmark harness,fml-ethz/dt4dds-benchmark,https://github.com/fml-ethz/dt4dds-benchmark,"Published harness: 6 default codecs + wrappers, 6 clusterers, IDS/dropout/coverage workflows; add a codec with encode.sh/decode.sh and a dataclass; GPL-3.0 (run as external process)","Repository read by this audit; code read by this audit, not run","`vnx benchmark` and benchmarks/competitors/records.json (12 literature systems, no claims); no wrapper for any external harness, no VNX codec in either public harness. SIMULATED (no wet-lab or real-sequencing data exists)",V6 build/v6-p1 081697b (unreleased; package version still 5.0.0),Comparability labels computed from protocol fields,Credible public protocol and 40 calibrated experiments,VNX results cannot yet be compared under one protocol,P0,medium,low,Write the VNX wrapper and publish results labelled SIMULATED,YELLOW
benchmark harness,AAnzel/UNACORM,https://github.com/AAnzel/UNACORM,"8 codec wrappers, 9-file corpus, 5 runs per codec-file pair, MESA or toy errors; GPL-3.0; abstract states no single codec wins across all dimensions","author-reported in silico (arXiv:2608.09673, https://arxiv.org/abs/2608.09673, preprint)",As above,V6 build/v6-p1 081697b (unreleased; package version still 5.0.0),As above,Ready corpus and metric set,As above,P2,low,low,Add a wrapper after dt4dds-benchmark,YELLOW
benchmark harness (chamaeleo),Chamaeleo (BGI),https://github.com/ntpz870817/Chamaeleo,"Mapping-level comparison of 7 mappers, Hamming/RS; toy error model; MIT; the YYC class raised a TypeError on Python 3.12","Smoke test run by this audit (20-repos-cluster2.md section 2.2): Base, Goldman, Blawat and Church round-trip OK in 0.05-0.12 s",As above,V4 (4.0.0),Read-level channel and indels,Cheap density/GC comparison,Not a robustness benchmark,P4,low,none,"Use only for mapping-level density, GC and homopolymer tables",YELLOW
benchmark harness (cost model),None found,n/a,"No vendor publishes a reproducible TCO model; public $/MB figures span ~$100 to ~$1M per MB depending on source (30-companies.md section 2, sources there)",Press and company statements,ABSENT. SIMULATED (no wet-lab or real-sequencing data exists),V6 build/v6-p1 081697b (unreleased; package version still 5.0.0),None,None,No cost model,P3,medium,medium,Specify a parameterised cost model with cited inputs,RED
enterprise / service,AtlasBase (formerly Atlas Data Storage),https://atlasbase.com/,"End-to-end service (Atlas Eon 100), own CMOS synthesis chip, 'MXL' software layer, patented codecs; $155M seed",Company announcements (30-companies.md),Software codec and archive format only; no service. SIMULATED (no wet-lab or real-sequencing data exists),V6 build/v6-p1 081697b (unreleased; package version still 5.0.0),"Vendor-neutral, auditable software","Integrated hardware, funding, patents",Different business scope,P2,high,high,Position as verification and portability layer; confirm Atlas decode path before relying on it,BLACK
enterprise / service,Biomemory (incl. Catalog assets),https://www.biomemory.com,S3-interfaced rackable servers planned H2 2026; Scality partnership; Catalog search/compute and error-protection patents,Company announcements,Software only. SIMULATED (no wet-lab or real-sequencing data exists),V6 build/v6-p1 081697b (unreleased; package version still 5.0.0),As above,Enterprise IT channel,As above,P2,high,high,As above,BLACK
freedom to operate (codec patents),"Atlas CA3249936A1; Western Digital US20250174272A1, WO2023146570A1; Seagate US20260004879A1; Microsoft US11600360B2, US20170141793A1; Molecular Assemblies US10982276B2; Catalog US12437841B2; Quantum US20230215516A1",https://patents.google.com/patent/CA3249936A1/en,Patent records returned by Google Patents queries; claims not analysed,Patent records (30-companies.md section 4),Not assessed. SIMULATED (no wet-lab or real-sequencing data exists),V6 build/v6-p1 081697b (unreleased; package version still 5.0.0),None,Unknown,"Possible overlap with homopolymer-encoded memory, trace reconstruction, integrity markers; not analysed",P1,high,none,Obtain an IP counsel review before any novelty claim,BLACK
